Atelectasis,Cardiomegaly,Consolidation,Edema,Effusion,Emphysema,Fibrosis,Hernia,Infiltration,Mass,Nodule,Pleural_Thickening,Pneumonia,Pneumothorax
0.6833307726023399,0.7447822614692221,0.6325866544885181,0.36151689275225657,0.6152129304163324,0.5173171242432119,0.32940324107874813,1.0,0.40286384252246543,0.5262946488207249,0.2586504516928076,0.39864954825219323,0.435048269996277,0.37357741953007423
