Atelectasis,Cardiomegaly,Consolidation,Edema,Effusion,Emphysema,Fibrosis,Hernia,Infiltration,Mass,Nodule,Pleural_Thickening,Pneumonia,Pneumothorax
0.18148673252723452,0.026664090928676658,0.09225712580538942,0.09244555156926415,0.3070068262009593,0.024208784405766782,0.028502509925072347,0.0075156049681859745,0.2653768599259456,0.08885018267337264,0.050890720210487794,0.032792813819321295,0.01035987221099419,0.045804068711764276
