Atelectasis,Cardiomegaly,Consolidation,Edema,Effusion,Emphysema,Fibrosis,Hernia,Infiltration,Mass,Nodule,Pleural_Thickening,Pneumonia,Pneumothorax
0.10630317866444339,0.05449168635206791,0.07003746853200421,0.0630695023561327,0.13589769573832208,0.018645500389638272,0.022566673306321443,0.01675017594656639,0.20688547473562297,0.04225079657857042,0.04802849866830179,0.023587375916867027,0.008019133259760072,0.034807853804971735
