Atelectasis,Cardiomegaly,Consolidation,Edema,Effusion,Emphysema,Fibrosis,Hernia,Infiltration,Mass,Nodule,Pleural_Thickening,Pneumonia,Pneumothorax
0.16097039899844673,0.024691405534330895,0.05975995531656307,0.03967767543670352,0.24377439599104533,0.019355095445384884,0.03436574881653814,0.005790790057995034,0.24275149468540808,0.10145338356426525,0.07929990594150799,0.0356937811870944,0.014614749376735252,0.05458467905604433
