Atelectasis,Cardiomegaly,Consolidation,Edema,Effusion,Emphysema,Fibrosis,Hernia,Infiltration,Mass,Nodule,Pleural_Thickening,Pneumonia,Pneumothorax
0.3522538689111072,0.1938110685388027,0.08326959794640344,0.11068257338728389,0.4964651831245759,0.23696768340938437,0.061799726493024565,0.1278654886875546,0.29740345230294474,0.26156419589665236,0.23806997002208294,0.05677669572123559,0.03455617183148259,0.22042231723570413
