Atelectasis,Cardiomegaly,Consolidation,Edema,Effusion,Emphysema,Fibrosis,Hernia,Infiltration,Mass,Nodule,Pleural_Thickening,Pneumonia,Pneumothorax
0.2398899928819611,0.14015989386230504,0.08758206452133971,0.1418402563854321,0.46105263771220417,0.23220735977251722,0.14702929770109577,0.7638888888888888,0.2715350046124171,0.17418706475678272,0.09449256637047598,0.10382966160080923,0.0316354785477291,0.12038549210012388
