Atelectasis,Cardiomegaly,Consolidation,Edema,Effusion,Emphysema,Fibrosis,Hernia,Infiltration,Mass,Nodule,Pleural_Thickening,Pneumonia,Pneumothorax
0.21905589560360686,0.08329509634094771,0.06919180564454168,0.05430382871533755,0.3565477977644887,0.030433747442454546,0.043654205765883754,0.011539437951889428,0.23997159328608192,0.1081293231815864,0.07195939902406677,0.058364050155371654,0.014443243388707706,0.07147413152748733
