Atelectasis,Cardiomegaly,Consolidation,Edema,Effusion,Emphysema,Fibrosis,Hernia,Infiltration,Mass,Nodule,Pleural_Thickening,Pneumonia,Pneumothorax
0.19655130144077892,0.02734277838716817,0.0717298170352848,0.0587220549719537,0.26970529589846415,0.026224444360978535,0.025439702985356742,0.004201827317760634,0.23846906375437787,0.0750316037320548,0.08635292308189445,0.033084570666115996,0.018294729182493585,0.07588019701342424
