Atelectasis,Cardiomegaly,Consolidation,Edema,Effusion,Emphysema,Fibrosis,Hernia,Infiltration,Mass,Nodule,Pleural_Thickening,Pneumonia,Pneumothorax
0.19654028905150764,0.19306331299006485,0.0991439656115918,0.19744401560478458,0.5187449481704625,0.23074989166771756,0.05392914350580767,0.6547619047619047,0.27631854724245364,0.22648458198179272,0.1549426690517785,0.11391183280633722,0.08612722747035695,0.11849389170216199
