Atelectasis,Cardiomegaly,Consolidation,Edema,Effusion,Emphysema,Fibrosis,Hernia,Infiltration,Mass,Nodule,Pleural_Thickening,Pneumonia,Pneumothorax
0.27792121300469774,0.1675676922571951,0.11632835076420926,0.15833125945614623,0.5907850770020774,0.28573578175270636,0.05482156803642977,0.09202835892607567,0.30658060782165564,0.319666857210186,0.19678401059450096,0.11590643090253488,0.04546808958390778,0.1552054088539705
