Atelectasis,Cardiomegaly,Consolidation,Edema,Effusion,Emphysema,Fibrosis,Hernia,Infiltration,Mass,Nodule,Pleural_Thickening,Pneumonia,Pneumothorax
0.18802093616489918,0.034887345990683744,0.12150396568534877,0.10754778768173226,0.3794767563291415,0.07573447467766642,0.028626595221060133,0.09564636999233601,0.24452214338629683,0.0783616706480925,0.09687440679273193,0.0843308200426716,0.014459329371036514,0.08268867517741588
