Atelectasis,Cardiomegaly,Consolidation,Edema,Effusion,Emphysema,Fibrosis,Hernia,Infiltration,Mass,Nodule,Pleural_Thickening,Pneumonia,Pneumothorax
0.2172532758344753,0.12963224041294893,0.11037803868553002,0.09415695606418382,0.5133158455643304,0.041919198074533905,0.07029183950152768,0.004415895308577659,0.28891047722111507,0.15978236257123424,0.11201958725149869,0.070909088952605,0.031978576719320716,0.09077529142128463
