Atelectasis,Cardiomegaly,Consolidation,Edema,Effusion,Emphysema,Fibrosis,Hernia,Infiltration,Mass,Nodule,Pleural_Thickening,Pneumonia,Pneumothorax
0.755143170487687,0.7884985688224289,0.6610862983797228,0.7600884569780028,0.698496343760936,0.8142157307740961,0.7323716864224359,0.9975119753586661,0.49703513136866717,0.6526496004789665,0.51116080106933,0.6423505675181256,0.8494078597883573,0.5622992652290231
