Atelectasis,Cardiomegaly,Consolidation,Edema,Effusion,Emphysema,Fibrosis,Hernia,Infiltration,Mass,Nodule,Pleural_Thickening,Pneumonia,Pneumothorax
0.23780489722962922,0.22292918070731566,0.08578283384469795,0.15870254278692103,0.4319815180988279,0.1755669791248892,0.07619875185225072,0.14609271097642615,0.26731241075538587,0.22107111431584664,0.17663745335051623,0.05930276291442414,0.020704148161501953,0.13653270346895835
