Atelectasis,Cardiomegaly,Consolidation,Edema,Effusion,Emphysema,Fibrosis,Hernia,Infiltration,Mass,Nodule,Pleural_Thickening,Pneumonia,Pneumothorax
0.3684441384376521,0.2569513671294832,0.11906823319862361,0.17643238669624756,0.524763796015788,0.2838664002049596,0.09974604064105766,0.5050187401788907,0.32379203502712933,0.2942757869023375,0.280860893707344,0.09857074600919642,0.03152685491956504,0.2490618684302075
