Atelectasis,Cardiomegaly,Consolidation,Edema,Effusion,Emphysema,Fibrosis,Hernia,Infiltration,Mass,Nodule,Pleural_Thickening,Pneumonia,Pneumothorax
0.09195602157712801,0.02321890938869383,0.048934638967064646,0.01511697703512023,0.07331782895731319,0.018157197479187124,0.009214074204576081,0.0019346216674008129,0.10737597797871633,0.04349090062976571,0.36296824360416813,0.34951197858502886,0.34396937321439996,0.035228380968330676
