Atelectasis,Cardiomegaly,Consolidation,Edema,Effusion,Emphysema,Fibrosis,Hernia,Infiltration,Mass,Nodule,Pleural_Thickening,Pneumonia,Pneumothorax
0.20845299058774305,0.09977304526998364,0.11611117099899489,0.1540251448423469,0.4620388516627985,0.022376960797850457,0.027247952365325866,0.03435860389890519,0.2647927427663333,0.13001100245681474,0.06044981011024125,0.06220440407112723,0.02460429288870943,0.07007311039184881
