Atelectasis,Cardiomegaly,Consolidation,Edema,Effusion,Emphysema,Fibrosis,Hernia,Infiltration,Mass,Nodule,Pleural_Thickening,Pneumonia,Pneumothorax
0.3286798048587133,0.34944538741486486,0.12692372907943086,0.12499065784789382,0.479064499669522,0.22080414749477126,0.08750495474885764,0.19226701448350017,0.2730458274588823,0.2445079020564464,0.21373837703638845,0.1086317287630481,0.03412624548522529,0.1782114215956131
