Atelectasis,Cardiomegaly,Consolidation,Edema,Effusion,Emphysema,Fibrosis,Hernia,Infiltration,Mass,Nodule,Pleural_Thickening,Pneumonia,Pneumothorax
0.19098542772684463,0.03442153361475867,0.08718935050884809,0.08160548067075392,0.31525187643501573,0.023995361534275107,0.05068641378674472,0.0014820180837318135,0.24533868148334873,0.08151837517350113,0.04879653163397496,0.04747152910103887,0.015022632715285287,0.053081836225826746
