Atelectasis,Cardiomegaly,Consolidation,Edema,Effusion,Emphysema,Fibrosis,Hernia,Infiltration,Mass,Nodule,Pleural_Thickening,Pneumonia,Pneumothorax
0.6549668090567303,0.744929616956816,0.5855370795348671,0.15649522544568653,0.6038247432984446,0.401240462350751,0.11797787683285836,0.8678075396825397,0.3782300441506755,0.3833747506005156,0.14143514770057877,0.27210658149512773,0.1638676399074064,0.21688149088664574
