Atelectasis,Cardiomegaly,Consolidation,Edema,Effusion,Emphysema,Fibrosis,Hernia,Infiltration,Mass,Nodule,Pleural_Thickening,Pneumonia,Pneumothorax
0.24176861917785225,0.1219119344986705,0.0786908679280707,0.07158076754055828,0.41283087776380256,0.043022517313379506,0.05400470920281589,0.002524627129499526,0.25591021331790653,0.09689519308316737,0.10362947343012696,0.06298833153513515,0.013588367738968776,0.10235000784196475
