Atelectasis,Cardiomegaly,Consolidation,Edema,Effusion,Emphysema,Fibrosis,Hernia,Infiltration,Mass,Nodule,Pleural_Thickening,Pneumonia,Pneumothorax
0.16399557653750857,0.02938767796361448,0.13330695513354165,0.06641808405867453,0.3629562450556427,0.039088791815417315,0.026072559323189897,0.003326697502145195,0.24550450333299598,0.09668567303852899,0.08683970582259032,0.051967348547333383,0.018845220696966793,0.08932881845624356
