Atelectasis,Cardiomegaly,Consolidation,Edema,Effusion,Emphysema,Fibrosis,Hernia,Infiltration,Mass,Nodule,Pleural_Thickening,Pneumonia,Pneumothorax
0.1240743922913986,0.035607999885680204,0.059007714196614304,0.03220729018569127,0.16107840354327052,0.013646329376676068,0.053506000345219955,0.0036240994534199556,0.2349430396986823,0.03447835460052785,0.04552767176897276,0.03686572076014662,0.02065926242939449,0.03599329886020286
