Atelectasis,Cardiomegaly,Consolidation,Edema,Effusion,Emphysema,Fibrosis,Hernia,Infiltration,Mass,Nodule,Pleural_Thickening,Pneumonia,Pneumothorax
0.3453736725924341,0.26383172444318403,0.10752124248407685,0.10185818171545233,0.5044440020410175,0.1476925352050957,0.04848886390091948,0.02173069343151553,0.29415706636970307,0.22963997981052395,0.23611867286082397,0.06224809634901135,0.03959302141505152,0.18074081329444594
