Atelectasis,Cardiomegaly,Consolidation,Edema,Effusion,Emphysema,Fibrosis,Hernia,Infiltration,Mass,Nodule,Pleural_Thickening,Pneumonia,Pneumothorax
0.593452976467592,0.40307929227665323,0.5052400158219399,0.08607446630799516,0.5274589452827423,0.07103031007785764,0.04367126786965071,0.6679499814824731,0.3588323379602258,0.14696114909344257,0.07444127910317275,0.07378653124967989,0.030292863300420577,0.0990319758283775
