Atelectasis,Cardiomegaly,Consolidation,Edema,Effusion,Emphysema,Fibrosis,Hernia,Infiltration,Mass,Nodule,Pleural_Thickening,Pneumonia,Pneumothorax
0.15168505299142326,0.031206324707026348,0.06890306526511836,0.051997792398996434,0.21905239929201187,0.02908394353902024,0.022142754785832344,0.007826495918400936,0.23266829620986418,0.06755841951356878,0.06504339586455951,0.03256901701771606,0.014744326621893367,0.04611490610266178
