Atelectasis,Cardiomegaly,Consolidation,Edema,Effusion,Emphysema,Fibrosis,Hernia,Infiltration,Mass,Nodule,Pleural_Thickening,Pneumonia,Pneumothorax
0.7011228154993787,0.6276783177038932,0.7982161361954108,0.8663441955193482,0.8427606008996026,0.7532825719120135,0.6694899981978735,0.9056918711400435,0.6151249106605906,0.6353700666070187,0.5841967122530737,0.7108824032434935,0.6037111783832269,0.7031357388316151
