Atelectasis,Cardiomegaly,Consolidation,Edema,Effusion,Emphysema,Fibrosis,Hernia,Infiltration,Mass,Nodule,Pleural_Thickening,Pneumonia,Pneumothorax
0.7137498902719501,0.62869521143857,0.7408889505206787,0.7895092791578235,0.7689777866453845,0.6640197437145985,0.5498134598667054,0.6634467460913742,0.6332130093463593,0.6436791291484341,0.5706440433145274,0.6230756517166254,0.7100427160274094,0.7241090770268831
