Atelectasis,Cardiomegaly,Consolidation,Edema,Effusion,Emphysema,Fibrosis,Hernia,Infiltration,Mass,Nodule,Pleural_Thickening,Pneumonia,Pneumothorax
0.807236784353658,0.8853850896987658,0.7748326586853499,0.8611040662777919,0.8677380952380953,0.833635065902555,0.7598386337293538,0.879217201531251,0.6804699246700063,0.828272528304006,0.7626564617715059,0.7355390278716849,0.6897155231230163,0.8120449944955432
