Atelectasis,Cardiomegaly,Consolidation,Edema,Effusion,Emphysema,Fibrosis,Hernia,Infiltration,Mass,Nodule,Pleural_Thickening,Pneumonia,Pneumothorax
0.5689789290019865,0.6055356635407786,0.6731754256106587,0.7183044806517311,0.599884274422464,0.5465989847715736,0.6077917397074002,0.8457686529794691,0.5820633884815682,0.483867059349836,0.5106755076668048,0.5002766627430859,0.41324700078484133,0.579286941580756
