Atelectasis,Cardiomegaly,Consolidation,Edema,Effusion,Emphysema,Fibrosis,Hernia,Infiltration,Mass,Nodule,Pleural_Thickening,Pneumonia,Pneumothorax
0.7523327305605787,0.7318528275207501,0.7408009051068541,0.8243789794038736,0.8391407289172651,0.7195426982799162,0.6917197913648219,0.5402311187435154,0.6542257897560276,0.6907152811336676,0.6243580905215471,0.7058583126737284,0.6819213313161876,0.7399987570581341
