Atelectasis,Cardiomegaly,Consolidation,Edema,Effusion,Emphysema,Fibrosis,Hernia,Infiltration,Mass,Nodule,Pleural_Thickening,Pneumonia,Pneumothorax
0.7094315882121418,0.5731741972151179,0.7417912657290896,0.8203071961982349,0.7954905236036509,0.660896785109983,0.6226019430200365,0.9080287097312636,0.63443319057307,0.615972015110846,0.533344384583506,0.5782452539763981,0.5810348693799753,0.6689347079037801
