Atelectasis,Cardiomegaly,Consolidation,Edema,Effusion,Emphysema,Fibrosis,Hernia,Infiltration,Mass,Nodule,Pleural_Thickening,Pneumonia,Pneumothorax
0.8005956531575507,0.8369309462915601,0.8125832716506292,0.8898930753564155,0.9003722869994323,0.8456852791878171,0.7691967430659087,0.9494241362043064,0.6978746817140737,0.8499353812506213,0.7343997789749965,0.7838408837111037,0.7945117165601524,0.7909450171821306
