Atelectasis,Cardiomegaly,Consolidation,Edema,Effusion,Emphysema,Fibrosis,Hernia,Infiltration,Mass,Nodule,Pleural_Thickening,Pneumonia,Pneumothorax
0.7103416853588908,0.8234626239907414,0.7202408426086364,0.9388748009671523,0.7668056984540068,0.9518823949738727,0.8930855866299701,1.0,0.6734114522914983,0.8568247660940638,0.765539401213478,0.8658896551724138,0.9003441028599687,0.9093432327305586
