Atelectasis,Cardiomegaly,Consolidation,Edema,Effusion,Emphysema,Fibrosis,Hernia,Infiltration,Mass,Nodule,Pleural_Thickening,Pneumonia,Pneumothorax
0.5189104443547113,0.5423990909061561,0.6055389369836962,0.574827253271398,0.5423028065974993,0.5456032362378735,0.48944825775137646,0.38581803871060066,0.5232846748418976,0.5148942395935396,0.49475744614995,0.5029223950116445,0.5083207261724659,0.5163202706062006
