Atelectasis,Cardiomegaly,Consolidation,Edema,Effusion,Emphysema,Fibrosis,Hernia,Infiltration,Mass,Nodule,Pleural_Thickening,Pneumonia,Pneumothorax
0.6837437989077794,0.8296691214604294,0.7036907425202763,0.8612538332252168,0.7590715299212546,0.9191068469910305,0.8482315042374614,0.9996939002671416,0.6677857783072024,0.826033396834741,0.6777030808199811,0.8078743295019157,0.8298030165663891,0.8381499674480637
