Atelectasis,Cardiomegaly,Consolidation,Edema,Effusion,Emphysema,Fibrosis,Hernia,Infiltration,Mass,Nodule,Pleural_Thickening,Pneumonia,Pneumothorax
0.6968584099593705,0.6076953680022733,0.7462028127313102,0.8248189635664178,0.8149946504214158,0.6335025380710659,0.6900342404036762,0.5338007010515773,0.6320258248015339,0.5949274281737748,0.5043735322558365,0.6698256521695389,0.619688305863886,0.677414089347079
