Atelectasis,Cardiomegaly,Consolidation,Edema,Effusion,Emphysema,Fibrosis,Hernia,Infiltration,Mass,Nodule,Pleural_Thickening,Pneumonia,Pneumothorax
0.7201731794924242,0.8368400113668657,0.723360473723168,0.8946452817379498,0.8438004934713308,0.8542978003384094,0.735693572961549,0.99966616591554,0.6446914568675729,0.7052887961029923,0.6620085647188838,0.7815873399128763,0.6791400381208655,0.7645103092783505
