Atelectasis,Cardiomegaly,Consolidation,Edema,Effusion,Emphysema,Fibrosis,Hernia,Infiltration,Mass,Nodule,Pleural_Thickening,Pneumonia,Pneumothorax
0.8050204533085202,0.8764329688564335,0.770227883542331,0.8657314094264319,0.8629243149773876,0.8359199097715573,0.755066466241669,0.8156774355121462,0.6881927601604824,0.8172450127166673,0.7499519300664537,0.7321102847269175,0.6985182877992346,0.8259148939948151
