Atelectasis,Cardiomegaly,Consolidation,Edema,Effusion,Emphysema,Fibrosis,Hernia,Infiltration,Mass,Nodule,Pleural_Thickening,Pneumonia,Pneumothorax
0.7366526799978932,0.7833057312297624,0.7206010860401796,0.804930790074349,0.8085697658951849,0.6609857707082183,0.7128187481889308,0.6913169475152947,0.6351982606856011,0.6964625349689879,0.5787420684609649,0.661458943730749,0.6858962949779004,0.7258946961894954
