Atelectasis,Cardiomegaly,Consolidation,Edema,Effusion,Emphysema,Fibrosis,Hernia,Infiltration,Mass,Nodule,Pleural_Thickening,Pneumonia,Pneumothorax
0.6554103829070033,0.6600841299203575,0.6862237542124227,0.8053623788103279,0.7096501729183293,0.630113326591171,0.6556614024920313,0.88161425351508,0.6281063233371867,0.5850420662330734,0.5613489595790481,0.6405018405829765,0.6629141823143779,0.663067314180191
