Atelectasis,Cardiomegaly,Consolidation,Edema,Effusion,Emphysema,Fibrosis,Hernia,Infiltration,Mass,Nodule,Pleural_Thickening,Pneumonia,Pneumothorax
0.6473669453507341,0.5910328148969042,0.650576548469081,0.8066137878162412,0.7224335678308927,0.7292313928197586,0.705723505295804,0.9948241317898485,0.6522286551983931,0.6535882383401331,0.5960234301366636,0.6773149425287356,0.5918569191461304,0.6920038009836248
