Atelectasis,Cardiomegaly,Consolidation,Edema,Effusion,Emphysema,Fibrosis,Hernia,Infiltration,Mass,Nodule,Pleural_Thickening,Pneumonia,Pneumothorax
0.6376835848278898,0.602637112816141,0.6588378978534419,0.6741768499660556,0.655274247783746,0.4925380710659898,0.5823489899900064,0.7669838090469037,0.6005582456390487,0.43882654836464857,0.4873435557397431,0.5187476735178422,0.5267686960421571,0.578307560137457
