Atelectasis,Cardiomegaly,Consolidation,Edema,Effusion,Emphysema,Fibrosis,Hernia,Infiltration,Mass,Nodule,Pleural_Thickening,Pneumonia,Pneumothorax
0.7021176368499183,0.5984200056834328,0.773982235381199,0.8148478162480199,0.8426350495654832,0.7110321489001692,0.6865610511312439,0.7913536972124854,0.6344642651502274,0.6481819763395964,0.5740516645945573,0.711113793901347,0.6925664312142616,0.7371907216494845
