Atelectasis,Cardiomegaly,Consolidation,Edema,Effusion,Emphysema,Fibrosis,Hernia,Infiltration,Mass,Nodule,Pleural_Thickening,Pneumonia,Pneumothorax
0.8232551213711006,0.9099850276125574,0.8055552210374197,0.8877764392470275,0.8859074387015261,0.8846636411442419,0.7986841907699374,0.914437952732625,0.7075565736415318,0.8379715269655561,0.7906327335380684,0.7864052217895596,0.7232473312806699,0.8583358792607999
