Atelectasis,Cardiomegaly,Consolidation,Edema,Effusion,Emphysema,Fibrosis,Hernia,Infiltration,Mass,Nodule,Pleural_Thickening,Pneumonia,Pneumothorax
0.7233029147383848,0.8856041339371932,0.7296293052484071,0.8692164657238186,0.8154832002722935,0.8169116851435735,0.7276226700952183,0.8949403212433235,0.6385119325567855,0.7689198050452198,0.7169983691761761,0.6742906126006956,0.647671826202932,0.7867374966958159
