Atelectasis,Cardiomegaly,Consolidation,Edema,Effusion,Emphysema,Fibrosis,Hernia,Infiltration,Mass,Nodule,Pleural_Thickening,Pneumonia,Pneumothorax
0.8238103280009745,0.9158440398949657,0.8024008319081142,0.8953860966300697,0.8831362900787492,0.8325711731275174,0.7741865360402895,0.8275828798579754,0.7109055971035138,0.8466346727624923,0.7484409082646631,0.7851447879290003,0.6990271742300512,0.8121645415570821
