Atelectasis,Cardiomegaly,Consolidation,Edema,Effusion,Emphysema,Fibrosis,Hernia,Infiltration,Mass,Nodule,Pleural_Thickening,Pneumonia,Pneumothorax
0.6813532540950508,0.6164518222230831,0.7200673107188688,0.7798007572825038,0.7521408619313646,0.6131663607722689,0.7052122573167199,0.779006117849093,0.6434041865947366,0.6538288178450088,0.5867205049922384,0.616533693937345,0.6706490463053603,0.6605303810504635
