Atelectasis,Cardiomegaly,Consolidation,Edema,Effusion,Emphysema,Fibrosis,Hernia,Infiltration,Mass,Nodule,Pleural_Thickening,Pneumonia,Pneumothorax
0.7430943592699685,0.8003182722364308,0.78179866765359,0.8499801991400768,0.877011550722739,0.6818104906937394,0.697832533298383,0.8310799532632281,0.6759214069106204,0.7373185704344367,0.6522282083160656,0.7385587380154729,0.7433568785738311,0.7736855670103093
