Atelectasis,Cardiomegaly,Consolidation,Edema,Effusion,Emphysema,Fibrosis,Hernia,Infiltration,Mass,Nodule,Pleural_Thickening,Pneumonia,Pneumothorax
0.7670444171504247,0.8408570229173878,0.7184015243929587,0.9848336362838119,0.8271322738154153,0.9906250518203451,0.9758048994725421,0.9999937753963828,0.7308273869843714,0.9263395261620896,0.8704925179204808,0.9454929513905922,0.9934145984718562,0.9331082628316992
