Atelectasis,Cardiomegaly,Consolidation,Edema,Effusion,Emphysema,Fibrosis,Hernia,Infiltration,Mass,Nodule,Pleural_Thickening,Pneumonia,Pneumothorax
0.7110741281367089,0.881102585961921,0.7529311621021466,0.8918590178773478,0.8499115681907509,0.7512351945854484,0.7255197496682448,0.9991654147888499,0.6275931277658658,0.7786372899890645,0.667865727310402,0.7330657250072938,0.7282206525395223,0.7178006872852234
