Atelectasis,Cardiomegaly,Consolidation,Edema,Effusion,Emphysema,Fibrosis,Hernia,Infiltration,Mass,Nodule,Pleural_Thickening,Pneumonia,Pneumothorax
0.7238084612500039,0.7842000568343279,0.7647224278312361,0.88357094365241,0.8393461504869209,0.5983587140439932,0.6791068005701273,0.9457519612752462,0.6703499180179537,0.7325715776916195,0.598380991849703,0.7416171188844958,0.719503307545689,0.7370704467353951
