pr,rc,threshold
Atelectasis,0.0885,1.0,0.49990383
Cardiomegaly,0.0225,1.0,0.49979243
Consolidation,0.035,1.0,0.4990893
Edema,0.018,1.0,0.50206417
Effusion,0.102,1.0,0.49996054
Emphysema,0.015,1.0,0.49922615
Fibrosis,0.0155,1.0,0.5009596
Hernia,0.0015,1.0,0.499772
Infiltration,0.1635,1.0,0.5011319
Mass,0.042,1.0,0.5005441
Nodule,0.0475,1.0,0.4998247
Pleural_Thickening,0.0255,1.0,0.50137305
Pneumonia,0.009,1.0,0.50087583
Pneumothorax,0.03,1.0,0.49966964
