pr,rc,threshold
Atelectasis,0.09875,1.0,0.4989774
Cardiomegaly,0.01975,1.0,0.50021094
Consolidation,0.02925,1.0,0.50220895
Edema,0.01425,1.0,0.50046057
Effusion,0.105,1.0,0.49854082
Emphysema,0.01525,1.0,0.49974632
Fibrosis,0.014,1.0,0.50000006
Hernia,0.00175,1.0,0.49479184
Infiltration,0.157,1.0,0.50005776
Mass,0.04425,1.0,0.5009081
Nodule,0.0565,1.0,0.49998462
Pleural_Thickening,0.02125,1.0,0.5031655
Pneumonia,0.0085,1.0,0.5011796
Pneumothorax,0.029,1.0,0.49938196
